<?xml version="1.0" encoding="UTF-8"?>
<!DOCTYPE mapper
        PUBLIC "-//mybatis.org//DTD Mapper 3.0//EN"
        "http://mybatis.org/dtd/mybatis-3-mapper.dtd">
<mapper namespace="com.oym.yimianrujiu.dao.UserInfoDao">

    <select id="queryUserInfoById" resultType="com.oym.yimianrujiu.entity.UserInfo"
            parameterType="Long">
		SELECT
		user_id,
        web_user_id,
        true_name,
        email,
        gender,
        school_id,
        id_number,
        user_type,
        last_edit_time
		FROM
		tb_user_info
		WHERE
		web_user_id = #{webUserId}
	</select>

    <insert id="insertUserInfo" parameterType="com.oym.yimianrujiu.entity.UserInfo"
            useGeneratedKeys="true" keyProperty="userId" keyColumn="user_id">
		INSERT INTO
		tb_user_info
		(web_user_id,
		true_name,
        email,
        gender,
        school_id,
        id_number,
        user_type,
        create_time,
        last_edit_time
        )
		VALUES
		(#{webUserId},
		#{trueName},
		#{email},
		#{gender},
		#{schoolId},
		#{idNumber},
		#{userType},
		#{createTime},
		#{lastEditTime}
		)
	</insert>

    <update id="updateUserInfo" parameterType="com.oym.yimianrujiu.entity.UserInfo">
        UPDATE
        tb_user_info
        <set>
            <if test="trueName != null">true_name=#{trueName},</if>
            <if test="email != null">email=#{email},</if>
            <if test="gender != null">gender=#{gender},</if>
            <if test="schoolId != null">school_id=#{schoolId},</if>
            <if test="idNumber != null">id_number=#{idNumber},</if>
            <if test="userType != null">user_type=#{userType},</if>
            <if test="lastEditTime != null">last_edit_time=#{lastEditTime}</if>
        </set>
        WHERE
        web_user_id=#{webUserId}
    </update>

    <delete id="deleteUserInfo" parameterType="Long">
        DELETE FROM 
        tb_user_info
        WHERE
        web_user_id=#{webUserId}
    </delete>

    <select id="querySchool" resultType="com.oym.yimianrujiu.entity.School">
		SELECT
		school_id,
        school_name,
        school_address
		FROM
		tb_school_info
	</select>

    <select id="querySchoolById" resultType="String">
		SELECT
        school_name
		FROM
		tb_school_info
		WHERE 
		school_id=#{schoolId}
	</select>

</mapper>