<?xml version="1.0" encoding="UTF-8"?>
<!DOCTYPE mapper
        PUBLIC "-//mybatis.org//DTD Mapper 3.0//EN"
        "http://mybatis.org/dtd/mybatis-3-mapper.dtd">
<mapper namespace="com.oym.yimianrujiu.dao.WebUserDao">
    <select id="queryWebUserList" resultType="com.oym.yimianrujiu.entity.WebUser">
        SELECT
        web_user_id,
        name,
        password,
        profile_img,
        enable_status,
        account,
        sign_point,
        phone,
        intention_occupation,
        signature,
        last_edit_time
        FROM
        tb_web_user
        <where>
            <!-- 写like语句的时候 一般都会写成 like '% %' 在mybatis里面写就是应该是 like '%${name} %' 而不是 
                '%#{name} %' ${name} 是不带单引号的，而#{name} 是带单引号的 -->
            <if test="webUserCondition != null and webUserCondition.name != null">
                AND
                name
                LIKE
                '%${webUserCondition.name}%'
            </if>
            <if test="webUserCondition != null and webUserCondition.enableStatus != null">
                AND
                enable_status = #{webUserCondition.enableStatus}
            </if>
        </where>
        ORDER BY
        create_time
        DESC
        LIMIT #{rowIndex},#{pageSize};
    </select>

    <select id="queryWebUserCount" resultType="int">
        SELECT
        count(1)
        FROM
        tb_web_user
        <where>
            <!-- 写like语句的时候 一般都会写成 like '% %' 在mybatis里面写就是应该是 like '%${name} %' 而不是 
                '%#{name} %' ${name} 是不带单引号的，而#{name} 是带单引号的 -->
            <if test="webUserCondition != null and webUserCondition.name != null">
                AND
                name
                LIKE
                '%${webUserCondition.name}%'
            </if>
            <if test="webUserCondition != null and webUserCondition.enableStatus != null">
                AND
                enable_status = #{webUserCondition.enableStatus}
            </if>
        </where>
    </select>

    <select id="queryWebUserById" resultType="com.oym.yimianrujiu.entity.WebUser"
            parameterType="Long">
		SELECT
		web_user_id,
        name,
        password,
        profile_img,
        enable_status,
        account,
        sign_point,
        phone,
        intention_occupation,
        signature,
        last_edit_time
		FROM
		tb_web_user
		WHERE
		web_user_id = #{webUserId}
	</select>

    <select id="queryWebUserByPhone" resultType="com.oym.yimianrujiu.entity.WebUser"
            parameterType="Long">
		SELECT
		web_user_id,
        name,
        password,
        profile_img,
        enable_status,
        account,
        sign_point,
        phone,
        intention_occupation,
        signature,
        last_edit_time
		FROM
		tb_web_user
		WHERE
		phone = #{phone}
	</select>
    
    <select id="queryWebUserByIdAndPwd" resultType="com.oym.yimianrujiu.entity.WebUser">
		SELECT
		web_user_id,
        name,
        password,
        profile_img,
        enable_status,
        account,
        sign_point,
        phone,
        intention_occupation,
        signature,
        last_edit_time
		FROM
		tb_web_user
		WHERE
		web_user_id = #{webUserId}
		AND
		password = #{password}
	</select>

    <select id="queryWebUserByPhoneAndPwd" resultType="com.oym.yimianrujiu.entity.WebUser">
		SELECT
		web_user_id,
        name,
        password,
        profile_img,
        enable_status,
        account,
        sign_point,
        phone,
        intention_occupation,
        signature,
        last_edit_time
		FROM
		tb_web_user
		WHERE
		phone = #{phone}
		AND
		password = #{password}
	</select>

    <insert id="insertWebUser" parameterType="com.oym.yimianrujiu.entity.WebUser"
            useGeneratedKeys="true" keyProperty="webUserId" keyColumn="web_user_id">
		INSERT INTO
		tb_web_user
		(name,
        password,
        profile_img,
        enable_status,
        account,
        sign_point,
        phone,
        intention_occupation,
        signature,
        create_time,
        last_edit_time)
		VALUES
		(#{name},
		#{password},
		#{profileImg},
		#{enableStatus},
		#{account},
		#{signPoint},
		#{phone},
		#{intentionOccupation},
		#{signature},
		#{createTime},
		#{lastEditTime})
	</insert>

    <select id="getWebUserId" parameterType="Long" resultType="Long">
		SELECT
		web_user_id
		FROM
		tb_web_user
		WHERE
		phone = #{phone}
	</select>
    
    <update id="updateWebUser" parameterType="com.oym.yimianrujiu.entity.WebUser">
        UPDATE
        tb_web_user
        <set>
            <if test="name != null">name=#{name},</if>
            <if test="profileImg != null">profile_img=#{profileImg},</if>
            <if test="lastEditTime != null">last_edit_time=#{lastEditTime},</if>
            <if test="enableStatus != null">enable_status=#{enableStatus},</if>
            <if test="account != null">account=#{account},</if>
            <if test="signPoint != null">sign_point=#{signPoint},</if>
            <if test="intentionOccupation != null">intention_occupation=#{intentionOccupation},</if>
            <if test="signature != null">signature=#{signature}</if>
        </set>
        WHERE
        web_user_id=#{webUserId}
    </update>

    <delete id="deleteWebUser" parameterType="Long">
        DELETE 
        tb_web_user
        WHERE
        web_user_id=#{webUserId}
    </delete>

    <update id="updatePasswordById">
        UPDATE
        tb_web_user
        SET 
        password=#{newPassword},
        last_edit_time=#{lastEditTime}
        WHERE
        web_user_id=#{webUserId}
    </update>

    <update id="updatePasswordByPhone">
        UPDATE
        tb_web_user
        SET 
        password=#{newPassword},
        last_edit_time=#{lastEditTime}
        WHERE
        phone=#{phone}
    </update>
    
</mapper>