<?xml version="1.0" encoding="UTF-8"?>
<beans xmlns="http://www.springframework.org/schema/beans"
       xmlns:xsi="http://www.w3.org/2001/XMLSchema-instance"
       xsi:schemaLocation="http://www.springframework.org/schema/beans http://www.springframework.org/schema/beans/spring-beans.xsd">
    <!-- 将User类声明在spring容器中，由spring容器创建该类对象-->
    <bean id="userA" class="com.oym.yimianrujiu.ljl.entity.UserA" scope="prototype"></bean>

    <!--&lt;!&ndash; set方法注入&ndash;&gt;
    <bean id="userB" class="com.oym.yimianrujiu.ljl.entity.UserB">
        <property name="name" value="ljl"/>
        <property name="age" value="1"/>
        <property name="info" ref="userInfo"/>
    </bean>-->

    <!-- 构造方法为User对象的属性赋值-->
    <bean id="userB" class="com.oym.yimianrujiu.ljl.entity.UserB">
        <constructor-arg name="name" value="ljl"/>
        <constructor-arg name="age" value="100"/>
        <constructor-arg name="info" ref="userInfo"/>
    </bean>

    <!-- 将USerInfo对象的创建也交给spring容器 -->
    <bean id="userInfo" class="com.oym.yimianrujiu.ljl.entity.UserInfo"></bean>
</beans>